"link","is_primary","edge_created_at","ecosystem_name"
https://github.com/00labs/requestNetwork,true,2023-09-04 03:07:53.927 +0200,NEAR
https://github.com/0xtail-hackathon/freekick,true,2023-08-08 18:55:45.611 +0200,NEAR
https://github.com/4everland/preview,false,2023-09-12 03:03:44.225 +0200,"4EVERLAND"
https://github.com/4everland/public-gateway-checker,false,2023-07-07 21:30:15.167 +0200,"4EVERLAND"
https://github.com/4everland/template-a-thon,false,2023-06-01 18:53:25.461 +0200,"4EVERLAND"
https://github.com/alanesmizi/cgforge,true,2023-08-08 18:54:27.462 +0200,NEAR
https://github.com/AmbireTech/wallet,true,2023-09-01 01:52:14.730 +0200,Aurora
https://github.com/anima-protocol/claims-polygonid,true,2023-06-12 19:36:13.958 +0200,Aurora
https://github.com/AtlasFoundation/NEAR-Open-Character-Creator,true,2023-08-08 18:57:47.783 +0200,NEAR
https://github.com/Atomicgreen/defilama-yield-server,true,2023-06-11 14:15:33.725 +0200,Aurora
https://github.com/Atomicgreen/DefiLlama-Adapters,true,2023-06-08 14:15:31.442 +0200,Aurora
https://github.com/aurora-is-near/aurora-relayer-jmeter-tests-public,true,2023-06-29 20:02:29.271 +0200,Aurora
https://github.com/aurora-is-near/backstage-blockchain-actions,true,2023-10-06 04:32:54.795 +0200,Aurora
https://github.com/aurora-is-near/backstage-plugin-blockchainradar,true,2023-07-05 20:46:19.630 +0200,Aurora
https://github.com/aurora-is-near/fast-bridge-protocol,true,2023-08-16 00:37:39.410 +0200,Aurora
https://github.com/aurora-is-near/release-repository,true,2023-07-19 23:22:48.867 +0200,Aurora
https://github.com/axelarnetwork/axelar-local-dev,true,2023-07-24 16:29:39.469 +0200,NEAR
https://github.com/blocksecteam/damn-vulnerable-defi-phalcon-fork,true,2023-07-27 23:46:22.400 +0200,BlockSec
https://github.com/blocksecteam/metasleuth_reports,true,2023-06-01 18:06:23.341 +0200,BlockSec
https://github.com/blocksecteam/metasleuth_resources,true,2023-06-14 18:12:23.669 +0200,BlockSec
https://github.com/blocksecteam/phalcon_fork_examples,true,2023-09-17 02:32:28.890 +0200,BlockSec
https://github.com/bracketloader/wormhole,true,2023-09-05 00:34:04.545 +0200,Aurora
https://github.com/bracketloader/wormhole,true,2023-09-05 00:35:30.514 +0200,NEAR
https://github.com/calimero-is-near/my-near-wallet,true,2023-06-09 17:03:14.832 +0200,Calimero Network
https://github.com/calimero-is-near/near-apac-workshop,true,2023-09-09 02:12:26.409 +0200,Calimero Network
https://github.com/calimero-is-near/near-api-js-1,true,2023-07-13 21:01:33.957 +0200,Calimero Network
https://github.com/calimero-is-near/near-discovery,true,2023-08-24 01:20:35.691 +0200,Calimero Network
https://github.com/calimero-is-near/read-rpc,true,2023-09-26 02:51:59.437 +0200,Calimero Network
https://github.com/calimero-is-near/VM,true,2023-07-28 23:28:22.378 +0200,Calimero Network
https://github.com/ceramicnetwork/.github,false,2023-06-08 18:00:18.296 +0200,Ceramic Network
https://github.com/ceramicnetwork/least-recent,false,2023-08-15 00:41:38.164 +0200,Ceramic Network
https://github.com/ceramicstudio/ceramic-ai,false,2023-10-07 04:48:32.221 +0200,Ceramic Network
https://github.com/ceramicstudio/ceramic-eas,false,2023-09-13 02:30:39.957 +0200,Ceramic Network
https://github.com/ceramicstudio/delegate-simpledeploy,false,2023-07-11 21:21:15.475 +0200,Ceramic Network
https://github.com/ceramicstudio/lit-composedb,false,2023-10-10 05:19:05.163 +0200,Ceramic Network
https://github.com/ceramicstudio/mid-transition-example,false,2023-08-02 23:48:25.110 +0200,Ceramic Network
https://github.com/ceramicstudio/Roadmap,false,2023-07-28 23:45:29.302 +0200,Ceramic Network
https://github.com/ceramicstudio/VerifiableCredentialDemo,false,2023-09-20 02:32:18.609 +0200,Ceramic Network
https://github.com/cloudmex/burritobattle-pet,true,2023-06-19 11:17:23.279 +0200,NEAR
https://github.com/coinflow-labs-us/coinflow-docs,true,2023-08-08 18:57:38.360 +0200,NEAR
https://github.com/ComposableFi/cometbft,false,2023-06-05 20:34:21.401 +0200,Composable Finance
https://github.com/ComposableFi/composable-ibc,false,2023-09-20 03:43:27.808 +0200,Composable Finance
https://github.com/ComposableFi/helm-charts,false,2023-08-30 02:52:41.312 +0200,Composable Finance
https://github.com/ComposableFi/polkadot-launch,false,2023-09-01 02:56:00.347 +0200,Composable Finance
https://github.com/Cora-Protocol/cora-simulation-engine,false,2023-09-12 02:36:02.508 +0200,Cora Protocol
https://github.com/Cora-Protocol/deployer,false,2023-07-09 21:22:35.110 +0200,Cora Protocol
https://github.com/Cora-Protocol/pricing-manager,false,2023-09-12 02:36:02.504 +0200,Cora Protocol
https://github.com/CronCats/abstract-croncat-app,true,2023-06-02 12:59:13.269 +0200,CronCat
https://github.com/CronCats/Cron-Spec,true,2023-09-28 16:57:14.792 +0200,NEAR
https://github.com/Cryptorubic/NFT-metadata,false,2023-06-07 18:37:13.875 +0200,Rubic
https://github.com/Cryptorubic/staking,false,2023-06-13 18:38:51.501 +0200,Rubic
https://github.com/Daoverse123/truts-v2-client,true,2023-08-08 18:56:33.622 +0200,NEAR
https://github.com/DeFiEye/ETHShanghai-Chaineye,true,2023-07-02 20:25:13.845 +0200,Aurora
https://github.com/DeFiEye/MyWalletScan,true,2023-06-05 16:55:33.880 +0200,Aurora
https://github.com/DeFinerOrg/Savings,true,2023-06-12 19:36:13.983 +0200,Aurora
https://github.com/desoul-labs/soulhub-contracts,true,2023-08-16 20:47:22.657 +0200,Aurora
https://github.com/diadata-org/dia-oracle-anchor,false,2023-10-13 05:42:09.648 +0200,DIA
https://github.com/diadata-org/txsimulator,false,2023-07-28 23:25:06.119 +0200,DIA
https://github.com/distributed-lab/web-kit,true,2023-08-08 18:49:31.730 +0200,NEAR
https://github.com/DODOEX/widget-preview,false,2023-08-11 01:15:55.362 +0200,DODO
https://github.com/dojimanetwork/blockchain-scripts,false,2023-07-25 00:34:29.890 +0200,Dojima Network
https://github.com/dojimanetwork/dojima-evm-contracts,false,2023-10-10 05:54:45.944 +0200,Dojima Network
https://github.com/dojimanetwork/frontend,false,2023-10-09 05:39:46.152 +0200,Dojima Network
https://github.com/dojimanetwork/gossamer,false,2023-06-11 20:15:57.286 +0200,Dojima Network
https://github.com/dojimanetwork/go-web3,false,2023-09-29 04:39:59.837 +0200,Dojima Network
https://github.com/dojimanetwork/ibc-go,false,2023-09-01 02:43:23.182 +0200,Dojima Network
https://github.com/dojimanetwork/landing-pge-v3-test,false,2023-09-28 04:14:49.121 +0200,Dojima Network
https://github.com/dominikfoldi/near-guest-book,true,2023-08-03 14:44:09.322 +0200,NEAR
https://github.com/DonggiChae/sto_project,true,2023-08-08 18:58:42.695 +0200,NEAR
https://github.com/eamondang/sgu-nft-contract,true,2023-07-26 01:55:54.621 +0200,NEAR
https://github.com/Electron-Labs/curve25519-dalek,false,2023-08-26 00:20:13.770 +0200,Electron Labs
https://github.com/Electron-Labs/cw-eth2-lc,false,2023-08-29 00:22:57.394 +0200,Electron Labs
https://github.com/Electron-Labs/eth-trie.rs,false,2023-08-10 22:59:59.801 +0200,Electron Labs
https://github.com/Electron-Labs/explorer_web,false,2023-09-19 00:43:35.661 +0200,Electron Labs
https://github.com/Electron-Labs/fri-commitment,false,2023-10-12 01:05:14.628 +0200,Electron Labs
https://github.com/Electron-Labs/hyperlane-ccip-ism-contract,false,2023-09-23 00:46:17.935 +0200,Electron Labs
https://github.com/Electron-Labs/incubator-milagro-crypto-rust,false,2023-08-10 22:59:59.810 +0200,Electron Labs
https://github.com/Electron-Labs/milagro_bls,false,2023-08-10 22:59:59.813 +0200,Electron Labs
https://github.com/Electron-Labs/plonky2,false,2023-06-28 11:12:40.457 +0200,Electron Labs
https://github.com/Electron-Labs/plonky2_,false,2023-08-17 23:52:20.969 +0200,Electron Labs
https://github.com/Electron-Labs/plonky2-crypto,false,2023-08-17 23:52:20.978 +0200,Electron Labs
https://github.com/Electron-Labs/plonky2-ecdsa,false,2023-06-30 11:13:59.054 +0200,Electron Labs
https://github.com/Electron-Labs/plonky2_ed25519,false,2023-08-26 00:20:13.783 +0200,Electron Labs
https://github.com/Electron-Labs/plonky2_sha512,false,2023-08-24 00:18:27.149 +0200,Electron Labs
https://github.com/Electron-Labs/plonky2-u32,false,2023-08-22 00:16:45.163 +0200,Electron Labs
https://github.com/Electron-Labs/positron-explorer-backend,false,2023-09-19 00:43:35.649 +0200,Electron Labs
https://github.com/Endemic-NFT/aurora-contracts,true,2023-06-12 19:36:14.519 +0200,Aurora
https://github.com/Endemic-NFT/endemic-subgraph,true,2023-06-12 19:36:14.033 +0200,Aurora
https://github.com/Entangle-Protocol/distributors,false,2023-06-27 21:12:07.625 +0200,Entangle Protocol
https://github.com/erditkurteshiSQA/guest-book-as,true,2023-08-03 13:12:54.720 +0200,NEAR
https://github.com/EthSeoul2023-0xtail/freekick,true,2023-06-08 17:41:32.322 +0200,NEAR
https://github.com/findtruman-official/ugceditor-web,true,2023-08-08 18:57:31.480 +0200,NEAR
https://github.com/flair-sdk/starter-boilerplate,true,2023-08-27 00:50:00.309 +0200,Flair
https://github.com/freeCodeCamp/near-curriculum,true,2023-08-08 18:56:50.566 +0200,NEAR
https://github.com/FroVolod/near-social,true,2023-08-08 18:49:19.372 +0200,NEAR
https://github.com/GhostyHQ/ghosty-backend,true,2023-08-08 18:56:47.654 +0200,NEAR
https://github.com/gitshock-labs/assets,false,2023-06-18 20:55:23.113 +0200,Gitshock Labs
https://github.com/gitshock-labs/frontend-configs,false,2023-06-03 20:54:14.034 +0200,Gitshock Labs
https://github.com/gitshock-labs/gotfx-package-manager,false,2023-06-01 20:54:05.462 +0200,Gitshock Labs
https://github.com/grindery-io/chatgpt-connector,true,2023-08-01 01:06:51.189 +0200,Grindery
https://github.com/grindery-io/grindery-bot-auth,true,2023-08-19 02:34:54.299 +0200,Grindery
https://github.com/grindery-io/grindery-embed,true,2023-06-07 21:20:56.746 +0200,Grindery
https://github.com/grindery-io/grindery-login,true,2023-07-27 01:06:14.534 +0200,Grindery
https://github.com/grindery-io/grindery-nexus-connector-twitter,true,2023-07-19 00:43:18.284 +0200,Grindery
https://github.com/grindery-io/grindery-safe,true,2023-06-20 21:27:35.834 +0200,Grindery
https://github.com/grindery-io/grindery-safeslack,true,2023-07-19 00:43:18.281 +0200,Grindery
https://github.com/grindery-io/grindery-telegram-bot,true,2023-08-25 03:03:31.673 +0200,Grindery
https://github.com/grindery-io/grindery-vector-api,true,2023-08-09 01:26:54.208 +0200,Grindery
https://github.com/grindery-io/grindery-wallet,true,2023-09-03 03:13:23.660 +0200,Grindery
https://github.com/grindery-io/grindery-wallet-api,true,2023-10-12 20:10:10.493 +0200,Grindery
https://github.com/grindery-io/grindery-zapier-safe,true,2023-07-05 22:21:21.560 +0200,Grindery
https://github.com/grindery-io/safeslack-connector,true,2023-07-14 22:54:07.030 +0200,Grindery
https://github.com/grindery-io/use-grindery-login,true,2023-07-28 01:06:18.962 +0200,Grindery
https://github.com/HackArchive/Transpact,true,2023-08-08 18:55:02.018 +0200,NEAR
https://github.com/HAPIprotocol/PitchTalk,true,2023-08-21 02:00:41.772 +0200,HAPI
https://github.com/HAPIprotocol/solidity-ui-generator,true,2023-09-06 02:45:03.805 +0200,HAPI
https://github.com/incognitochain/inc-inscription-indexer,false,2023-06-30 21:09:09.618 +0200,Incognito Chain
https://github.com/Instadapp/avocado-sdk,true,2023-06-12 19:36:14.007 +0200,Aurora
https://github.com/itsobvioustech/lists,true,2023-09-01 02:05:56.507 +0200,Aurora
https://github.com/jeff0723/ZkAlpha,true,2023-08-08 18:30:46.174 +0200,Aurora
https://github.com/Joystick-team/joystick-demo,true,2023-08-08 18:50:13.536 +0200,NEAR
https://github.com/karimnyumba/Chatafisha,true,2023-06-08 17:41:32.422 +0200,NEAR
https://github.com/keypom/claim-page-boilerplate,true,2023-07-14 21:10:27.639 +0200,NEAR
https://github.com/keypom/fydp-contracts,true,2023-10-05 04:24:51.810 +0200,NEAR
https://github.com/keypom/fydp-docs,true,2023-10-05 04:24:51.854 +0200,NEAR
https://github.com/keypom/fydp-frontend,true,2023-10-05 04:24:51.892 +0200,NEAR
https://github.com/keypom/fydp-scanner,true,2023-10-05 04:24:51.787 +0200,NEAR
https://github.com/keypom/nearcon-account-factory,true,2023-08-16 00:34:51.815 +0200,NEAR
https://github.com/KeystoneHQ/rust-crypto-core,true,2023-08-08 18:53:13.395 +0200,NEAR
https://github.com/kuutamolabs/deployment-example,true,2023-09-15 17:46:27.234 +0200,NEAR
https://github.com/kuutamolabs/deployment-example,true,2023-09-15 17:46:27.252 +0200,Kuutamo
https://github.com/kuutamolabs/ldk-lsp-client,true,2023-07-28 00:14:17.989 +0200,NEAR
https://github.com/kuutamolabs/ldk-lsp-client,true,2023-07-28 00:14:18.006 +0200,Kuutamo
https://github.com/kuutamolabs/lightning-tui,true,2023-08-15 17:38:21.748 +0200,NEAR
https://github.com/kuutamolabs/lightning-tui,true,2023-08-15 17:38:21.766 +0200,Kuutamo
https://github.com/kycdao/aptos-core,true,2023-08-10 01:06:06.045 +0200,kycDAO
https://github.com/kycdao/aptos-module,true,2023-08-01 00:44:49.724 +0200,kycDAO
https://github.com/kycdao/verilabs-website,true,2023-07-05 22:00:00.836 +0200,kycDAO
https://github.com/KYVENetwork/runtime-template,false,2023-09-08 03:24:19.908 +0200,KYVE
https://github.com/KYVENetwork/supervysor,false,2023-06-06 20:18:07.431 +0200,KYVE
https://github.com/layerx-labs/webnetwork,true,2023-06-08 17:47:41.374 +0200,Aurora
https://github.com/Learn-NEAR-Club/ncaptcha-contact7-addon,true,2023-06-22 19:02:20.264 +0200,Learn NEAR Club
https://github.com/Learn-NEAR-Club/nCaptchaExample,true,2023-06-14 18:07:20.826 +0200,Learn NEAR Club
https://github.com/Learn-NEAR-Club/ncaptcha-gravity-addon,true,2023-07-05 20:51:13.624 +0200,Learn NEAR Club
https://github.com/LedgerHQ/app-near,true,2023-08-08 18:48:22.124 +0200,NEAR
https://github.com/leeadkins/near-mintbase-spike,true,2023-07-26 01:47:43.641 +0200,NEAR
https://github.com/liquality/connect-sdk,true,2023-08-11 00:48:08.879 +0200,Liquality
https://github.com/liquality/gastank-extension,true,2023-09-22 03:11:39.961 +0200,Liquality
https://github.com/liquality/group-mints,true,2023-10-04 04:46:04.912 +0200,Liquality
https://github.com/liquality/group-mints-next,true,2023-10-04 04:46:04.914 +0200,Liquality
https://github.com/liquality/sui-wallet,true,2023-09-08 03:03:37.375 +0200,Liquality
https://github.com/liquality/wav-game-data,true,2023-06-09 19:00:49.951 +0200,Liquality
https://github.com/liquality/web-examples,true,2023-08-19 01:47:32.683 +0200,Liquality
https://github.com/luckchain007/Near-IDO-launchpad,true,2023-08-08 18:56:17.123 +0200,NEAR
https://github.com/Made-For-Gamers/WebA-Front-End,true,2023-08-08 18:57:59.542 +0200,NEAR
https://github.com/MarmaJFoundation/allies-marketplace,true,2023-08-08 18:54:57.961 +0200,NEAR
https://github.com/MesonFi/allsto-tg-bot,false,2023-09-02 04:33:12.949 +0200,Meson
https://github.com/MesonFi/bot-telegram-helper,false,2023-09-01 04:27:56.581 +0200,Meson
https://github.com/MesonFi/meson-contracts-solana-rust,false,2023-10-10 20:21:05.404 +0200,Meson
https://github.com/MesonFi/meson-contracts-sui,false,2023-06-20 11:11:03.244 +0200,Meson
https://github.com/metagov/daostar-explorer-backend,false,2023-07-14 11:25:41.406 +0200,The Metagovernance Project
https://github.com/metagov/daostar-explorer-frontend,false,2023-07-01 11:12:11.451 +0200,The Metagovernance Project
https://github.com/metagov/daostar-labs,false,2023-08-16 23:42:36.267 +0200,The Metagovernance Project
https://github.com/metagov/dao-uri-data-indexing-backend,false,2023-09-01 00:24:23.637 +0200,The Metagovernance Project
https://github.com/metagov/manymodels,false,2023-07-12 11:23:02.786 +0200,The Metagovernance Project
https://github.com/metagov/Reputable-Contracts,false,2023-07-12 11:23:02.793 +0200,The Metagovernance Project
https://github.com/metagov/validator,false,2023-09-08 00:31:13.309 +0200,The Metagovernance Project
https://github.com/Meta-Pool/aurora-swap,true,2023-08-22 01:31:30.219 +0200,Meta Pool
https://github.com/Meta-Pool/democracia-app,true,2023-09-05 01:44:22.813 +0200,Meta Pool
https://github.com/Meta-Pool/democracia-contracts,true,2023-09-09 02:23:58.018 +0200,Meta Pool
https://github.com/Meta-Pool/eth-staking-sdk,true,2023-07-08 21:06:18.507 +0200,Meta Pool
https://github.com/Meta-Pool/eth-staking-sdk-usage-example,true,2023-07-08 21:06:18.503 +0200,Meta Pool
https://github.com/Meta-Pool/lockup-stake-metapool,true,2023-06-04 16:43:53.039 +0200,Meta Pool
https://github.com/Meta-Pool/metapool-ethereum,true,2023-08-01 23:42:22.076 +0200,Meta Pool
https://github.com/Meta-Pool/metapool-eth-heartbeat,true,2023-07-11 21:14:53.369 +0200,Meta Pool
https://github.com/Meta-Pool/staking-pool-aurora,true,2023-07-10 21:24:35.571 +0200,Aurora
https://github.com/Meta-Pool/staking-pool-sui,true,2023-09-06 02:11:53.808 +0200,Meta Pool
https://github.com/Mintbase/arak,true,2023-09-19 17:56:17.471 +0200,Mintbase
https://github.com/Mintbase/awesome-mintbase,true,2023-06-02 19:03:02.367 +0200,Mintbase
https://github.com/Mintbase/bounties,true,2023-06-30 20:56:46.968 +0200,Mintbase
https://github.com/Mintbase/minsta,true,2023-09-25 17:57:48.789 +0200,Mintbase
https://github.com/Mintbase/minsta-contract,true,2023-08-04 17:43:50.312 +0200,Mintbase
https://github.com/Mintbase/minsta-creativesdao,true,2023-09-26 17:58:06.346 +0200,Mintbase
https://github.com/Mintbase/minsta-example,true,2023-09-26 17:58:06.348 +0200,Mintbase
https://github.com/Mintbase/minsta-zebu,true,2023-09-26 17:58:06.344 +0200,Mintbase
https://github.com/Mintbase/rip-1,true,2023-08-01 17:43:01.594 +0200,Mintbase
https://github.com/Mintbase/rip-site,true,2023-08-01 17:43:01.598 +0200,Mintbase
https://github.com/Mintbase/rip-x,true,2023-08-01 17:43:01.583 +0200,Mintbase
https://github.com/MoonBaseDAO/frontend-app-v2,true,2023-07-25 16:24:56.644 +0200,NEAR
https://github.com/mynearwallet/near-api-js,true,2023-10-09 04:39:53.526 +0200,MyNearWallet
https://github.com/mynearwallet/wallet-selector,true,2023-10-09 04:39:53.528 +0200,MyNearWallet
https://github.com/nakji-network/connectors,true,2023-08-08 18:52:29.123 +0200,NEAR
https://github.com/NEAR-Analytics/BOS_UnOfficial_Guide,true,2023-07-25 00:30:27.421 +0200,NEAR
https://github.com/NEAR-Analytics/NEAR-star-explorer,true,2023-08-25 02:27:29.100 +0200,NEAR
https://github.com/NEAR-Analytics/near-townhall,true,2023-06-09 20:10:30.214 +0200,NEAR
https://github.com/NEAR-Analytics/neartownhall-contract,true,2023-06-09 20:10:30.217 +0200,NEAR
https://github.com/NEAR-Analytics/SOCIAL_DB_CODE_TOOLKIT,true,2023-09-06 03:01:45.778 +0200,NEAR
https://github.com/near/bos-web-engine,true,2023-07-19 00:31:24.876 +0200,NEAR
https://github.com/near/bwe-demos,true,2023-09-06 03:22:12.653 +0200,NEAR
https://github.com/near/dataplatform,true,2023-09-28 20:29:33.867 +0200,NEAR
https://github.com/NearDeFi/bos-gateway-template,true,2023-07-27 23:29:02.785 +0200,NEAR
https://github.com/NearDeFi/mantle-bos-gateway,true,2023-09-19 02:16:05.250 +0200,NEAR
https://github.com/NearDeFi/mantle-gateway-template,true,2023-09-14 02:15:11.228 +0200,NEAR
https://github.com/NearDeFi/polygon-bos-gateway,true,2023-06-27 19:48:46.483 +0200,NEAR
https://github.com/near/DX,true,2023-08-04 00:59:06.636 +0200,NEAR
https://github.com/NEAREolgul/frontend,true,2023-08-08 18:55:33.198 +0200,NEAR
https://github.com/near-everything/bos-events,true,2023-08-24 01:01:34.420 +0200,NEAR
https://github.com/near-everything/bos-workspace,true,2023-08-18 00:30:46.992 +0200,NEAR
https://github.com/near-everything/teleport-code-generators,true,2023-09-12 01:22:14.469 +0200,NEAR
https://github.com/near-everything/viewer,true,2023-06-12 12:59:48.503 +0200,NEAR
https://github.com/near-examples/bos-commerce,true,2023-06-07 10:51:16.479 +0200,NEAR
https://github.com/near-examples/bos-commerce-components,true,2023-06-01 10:46:32.641 +0200,NEAR
https://github.com/near-examples/bos-components,true,2023-06-01 10:46:32.643 +0200,NEAR
https://github.com/near-examples/bos-gateway,true,2023-06-04 10:48:22.499 +0200,NEAR
https://github.com/near-examples/BOS-notifications,true,2023-10-05 00:57:14.405 +0200,NEAR
https://github.com/near/fast-auth-signer,true,2023-06-26 21:21:08.990 +0200,NEAR
https://github.com/NEARFoundation/near-tta-rust,true,2023-07-26 22:05:42.935 +0200,NEAR
https://github.com/near-horizon/horizon,true,2023-08-08 18:56:04.629 +0200,NEAR
https://github.com/near-ndc/i-am-human-dapp,true,2023-08-08 18:47:28.520 +0200,NEAR
https://github.com/near-ndc/kudos,true,2023-08-08 18:54:45.345 +0200,NEAR
https://github.com/near/near-account-id,true,2023-07-30 00:53:25.249 +0200,NEAR
https://github.com/near/near-discovery,true,2023-09-01 01:53:22.162 +0200,Aurora
https://github.com/near/near-public-lakehouse,true,2023-08-04 00:59:06.631 +0200,NEAR
https://github.com/near/near-workspaces-js,true,2023-09-16 03:43:23.979 +0200,NEAR
https://github.com/near/near-workspaces-rs,true,2023-09-16 03:43:23.976 +0200,NEAR
https://github.com/near/notifications-server,true,2023-09-27 20:29:20.746 +0200,NEAR
https://github.com/near/notifications-serverless-function,true,2023-09-27 20:29:20.716 +0200,NEAR
https://github.com/NEAR-P2P/walletp2p_backend,true,2023-09-02 01:19:06.947 +0200,NEAR
https://github.com/NEAR-P2P/walletp2p_front,true,2023-09-02 01:19:06.953 +0200,NEAR
https://github.com/near/push-notifications-server,true,2023-09-27 20:29:20.767 +0200,NEAR
https://github.com/near/queryapi,true,2023-08-30 02:56:11.013 +0200,NEAR
https://github.com/NearSocial/SEPs,true,2023-10-11 06:05:56.750 +0200,NearSocial
https://github.com/NearSocial/SEPs,true,2023-10-11 06:05:56.775 +0200,Near Social
https://github.com/nearuaguild/near-rust-contract-types-generator,true,2023-08-08 18:57:06.033 +0200,NEAR
https://github.com/near/wallet-experience,true,2023-09-09 03:37:39.764 +0200,NEAR
https://github.com/near/zkevm-rom,true,2023-10-10 20:31:43.994 +0200,NEAR
https://github.com/nevermined-io/contracts,true,2023-09-01 01:58:23.054 +0200,Aurora
https://github.com/nightly-labs/aleph-zero-dashboard,false,2023-08-11 23:55:28.637 +0200,Nightly Wallet
https://github.com/nightly-labs/aleph-zero-web3-template,false,2023-09-22 02:03:03.728 +0200,Nightly Wallet
https://github.com/nightly-labs/connect,false,2023-06-21 13:08:19.687 +0200,Nightly Wallet
https://github.com/nightly-labs/marginfi-nc2-demo,false,2023-07-02 13:10:54.583 +0200,Nightly Wallet
https://github.com/nightly-labs/mrgn-ts,false,2023-07-18 22:43:14.580 +0200,Nightly Wallet
https://github.com/nightly-labs/solana-web3-template,false,2023-09-21 01:53:14.058 +0200,Nightly Wallet
https://github.com/nightly-labs/sui-web3-template,false,2023-09-23 02:08:57.470 +0200,Nightly Wallet
https://github.com/nubiconnector/nubi-connector,true,2023-06-08 17:41:32.398 +0200,NEAR
https://github.com/octopus-network/evmos,true,2023-08-17 20:40:14.731 +0200,Octopus Network
https://github.com/octopus-network/faucet,true,2023-08-03 20:37:34.511 +0200,Octopus Network
https://github.com/octopus-network/gm,true,2023-07-27 20:36:06.421 +0200,Octopus Network
https://github.com/octopus-network/ics12-near,true,2023-06-16 21:00:18.967 +0200,Octopus Network
https://github.com/octopus-network/ics12-proto-rs,true,2023-09-22 20:48:37.918 +0200,Octopus Network
https://github.com/octopus-network/ics23,true,2023-06-12 20:59:43.586 +0200,Octopus Network
https://github.com/octopus-network/lpos-market-subgraph,true,2023-08-29 20:42:57.461 +0200,Octopus Network
https://github.com/octopus-network/octopus-appchain-anchor-ibc,true,2023-09-14 20:46:40.524 +0200,Octopus Network
https://github.com/OmarMWarraich/AssemblyScriptContract,true,2023-08-08 18:58:31.175 +0200,NEAR
https://github.com/open-format/contracts,true,2023-09-01 02:08:05.314 +0200,Aurora
https://github.com/openocean-finance/doc.zk-evm,true,2023-06-21 18:47:23.330 +0200,OpenOcean
https://github.com/open-web-academy/Components-BOS,true,2023-09-02 02:23:41.925 +0200,NEAR
https://github.com/open-web-academy/nomination-ndc,true,2023-06-15 19:04:40.680 +0200,NEAR
https://github.com/open-web-academy/token-factory,true,2023-06-22 19:45:34.376 +0200,NEAR
https://github.com/opolis/crypto-payroll-contracts,true,2023-06-12 19:36:14.545 +0200,Aurora
https://github.com/opolis/opolis-subgraph,true,2023-06-12 19:36:14.574 +0200,Aurora
https://github.com/OrderlyNetwork/near_integration_tests_tooling,true,2023-06-08 17:41:32.348 +0200,NEAR
https://github.com/OrderlyNetwork/orderly-sdk-js,true,2023-08-08 18:56:52.839 +0200,NEAR
https://github.com/OSTOLEX-Technologies/Castledice-smart-contract,true,2023-07-18 01:12:31.095 +0200,Aurora
https://github.com/OSTOLEX-Technologies/monopoly-contract,true,2023-08-08 18:58:36.666 +0200,NEAR
https://github.com/pangolindex/exchange-contracts,true,2023-09-04 05:04:39.129 +0200,NEAR
https://github.com/pantherprotocol/panther-core,true,2023-09-03 06:25:27.047 +0200,NEAR
https://github.com/pantherprotocol/solhint-plugin-prettier,false,2023-09-12 02:38:21.996 +0200,Panther Protocol
https://github.com/ParasHQ/paras-launchpad-locales,true,2023-06-28 21:12:04.925 +0200,Paras
https://github.com/Peersyst/bloxer,true,2023-09-25 02:26:07.575 +0200,NEAR
https://github.com/Peersyst/cosmos-operator,true,2023-09-30 03:12:37.116 +0200,NEAR
https://github.com/Peersyst/near-sdk-rs,true,2023-06-23 13:02:41.554 +0200,NEAR
https://github.com/Peersyst/opensource.ripple.com,true,2023-07-12 13:07:02.720 +0200,NEAR
https://github.com/Peersyst/walle-configs,true,2023-10-03 03:33:50.716 +0200,NEAR
https://github.com/Peersyst/wallet-selector,true,2023-09-15 01:23:36.955 +0200,NEAR
https://github.com/Peersyst/xrp-evm-bdjuno,true,2023-06-20 13:01:44.170 +0200,NEAR
https://github.com/Peersyst/xrp-evm-big-dipper,true,2023-06-20 13:01:44.163 +0200,NEAR
https://github.com/Peersyst/xrp-evm-explorer,true,2023-08-18 00:31:15.398 +0200,NEAR
https://github.com/polywrap/agent-learning-demo,false,2023-07-10 21:07:31.613 +0200,Polywrap
https://github.com/polywrap/agent-wrap-library,false,2023-06-28 19:54:45.681 +0200,Polywrap
https://github.com/polywrap/anthropic,false,2023-06-01 16:24:32.403 +0200,Polywrap
https://github.com/polywrap/benchmark-wraps,false,2023-06-22 18:55:14.150 +0200,Polywrap
https://github.com/polywrap/cli,false,2023-06-02 16:32:29.395 +0200,Polywrap
https://github.com/polywrap/coingecko,false,2023-09-27 03:08:24.605 +0200,Polywrap
https://github.com/polywrap/covalent,false,2023-09-29 03:36:32.798 +0200,Polywrap
https://github.com/polywrap/erc20,false,2023-09-29 03:36:32.788 +0200,Polywrap
https://github.com/polywrap/erc721,false,2023-10-04 04:05:44.639 +0200,Polywrap
https://github.com/polywrap/ethereum-wallet,true,2023-09-04 03:49:47.237 +0200,Aurora
https://github.com/polywrap/ethers,false,2023-06-01 16:24:32.418 +0200,Polywrap
https://github.com/polywrap/evo.ninja,false,2023-08-19 01:00:25.127 +0200,Polywrap
https://github.com/polywrap/evo.ninja-fork,false,2023-08-24 01:26:47.729 +0200,Polywrap
https://github.com/polywrap/gelato-relay-polywrap,false,2023-08-24 01:26:47.666 +0200,Polywrap
https://github.com/polywrap/gelato-relay-wrap,false,2023-08-25 01:27:20.512 +0200,Polywrap
https://github.com/polywrap/go-wrap,false,2023-07-03 20:29:51.738 +0200,Polywrap
https://github.com/polywrap/graph-node,false,2023-09-06 02:05:20.113 +0200,Polywrap
https://github.com/polywrap/ipfs-http-client,false,2023-08-29 01:31:50.358 +0200,Polywrap
https://github.com/polywrap/ipfs-http-client-sdk,false,2023-08-24 01:26:47.662 +0200,Polywrap
https://github.com/polywrap/js-engine-wrap,false,2023-06-10 17:16:56.798 +0200,Polywrap
https://github.com/polywrap/js-wrap-template,false,2023-06-12 17:39:58.829 +0200,Polywrap
https://github.com/polywrap/KeyValueStore,false,2023-09-08 02:17:27.293 +0200,Polywrap
https://github.com/polywrap/msgpack-serde,false,2023-06-16 18:16:02.525 +0200,Polywrap
https://github.com/polywrap/pdf,false,2023-07-12 21:07:47.008 +0200,Polywrap
https://github.com/polywrap/PolyGPT,false,2023-07-11 21:07:43.421 +0200,Polywrap
https://github.com/polywrap/py-engine-wrap,false,2023-06-25 19:34:43.591 +0200,Polywrap
https://github.com/polywrap/python-config-bundles,false,2023-06-24 19:23:41.412 +0200,Polywrap
https://github.com/polywrap/react-native,false,2023-07-24 23:32:02.461 +0200,Polywrap
https://github.com/polywrap/safe-api-plugin,false,2023-10-03 03:55:51.810 +0200,Polywrap
https://github.com/polywrap/safe-core-wrap,false,2023-09-05 01:38:10.191 +0200,Polywrap
https://github.com/polywrap/safe-playground,false,2023-06-20 18:40:30.471 +0200,Polywrap
https://github.com/polywrap/script-wrap-precompile,false,2023-09-21 02:20:50.839 +0200,Polywrap
https://github.com/polywrap/script-wrap-template,false,2023-06-26 19:43:26.492 +0200,Polywrap
https://github.com/polywrap/sha3,false,2023-08-17 00:42:44.804 +0200,Polywrap
https://github.com/polywrap/tiktoken-rs,false,2023-09-04 01:37:46.162 +0200,Polywrap
https://github.com/polywrap/tiktoken-wrap,false,2023-09-04 01:37:46.178 +0200,Polywrap
https://github.com/polywrap/tinygo,false,2023-07-11 21:07:43.414 +0200,Polywrap
https://github.com/polywrap/tinygo-docker,false,2023-07-12 21:07:47.011 +0200,Polywrap
https://github.com/polywrap/ts-wrap-example,false,2023-10-03 03:55:51.812 +0200,Polywrap
https://github.com/polywrap/tswrap-shims,false,2023-09-29 03:36:32.771 +0200,Polywrap
https://github.com/polywrap/unblock-tokenlist-plugin,false,2023-10-04 04:05:44.634 +0200,Polywrap
https://github.com/polywrap/web-scraper,false,2023-07-06 20:44:29.853 +0200,Polywrap
https://github.com/polywrap/wrapscan-registry,false,2023-06-27 19:53:29.569 +0200,Polywrap
https://github.com/polywrap/wrapscan-ui,false,2023-09-21 02:20:50.837 +0200,Polywrap
https://github.com/purefiprotocol/polygon-id-demo,false,2023-07-05 20:45:49.357 +0200,PureFi Protocol
https://github.com/RealityNearFoundation2022/Reality-Near-WebXR,true,2023-08-26 02:17:36.039 +0200,NEAR
https://github.com/redstone-finance/doc.zk-evm,false,2023-06-20 20:26:03.619 +0200,Redstone Finance
https://github.com/redstone-finance/hypervisor,false,2023-06-28 21:10:29.481 +0200,Redstone Finance
https://github.com/redstone-finance/redstone-3-models-dex-example,false,2023-07-29 00:42:01.172 +0200,Redstone Finance
https://github.com/redstone-finance/redstone-cache-layer-integration-test-utils,false,2023-10-11 06:17:26.430 +0200,Redstone Finance
https://github.com/redstone-finance/redstone-fuel-dex-tutorial,false,2023-06-13 20:24:17.604 +0200,Redstone Finance
https://github.com/redstone-finance/redstone-fuel-sdk,false,2023-06-06 20:23:01.766 +0200,Redstone Finance
https://github.com/redstone-finance/redstone-oracles-monorepo-future-public,false,2023-08-31 02:47:01.963 +0200,Redstone Finance
https://github.com/redstone-finance/terraform-app-module,false,2023-09-05 02:53:47.538 +0200,Redstone Finance
https://github.com/ref-finance/fastapi-template,true,2023-10-11 01:20:44.589 +0200,Ref Finance
https://github.com/RequestNetwork/public-issues,false,2023-09-13 02:31:14.446 +0200,Request
https://github.com/RequestNetwork/quickstart-node.js,false,2023-08-23 01:39:26.953 +0200,Request
https://github.com/rkalis/truffle-plugin-verify,true,2023-09-01 02:06:32.722 +0200,Aurora
https://github.com/skyekiwi/mpc,true,2023-07-20 00:22:36.127 +0200,SkyeKiwi Network
https://github.com/stader-labs/ethx,false,2023-07-08 11:30:26.120 +0200,Stader Labs
https://github.com/stader-labs/merkle-rewards,false,2023-08-25 00:26:30.998 +0200,Stader Labs
https://github.com/stader-labs/snapshot-strategies,false,2023-10-11 01:14:44.027 +0200,Stader Labs
https://github.com/stakekit/js-sdk,true,2023-08-08 18:57:19.265 +0200,NEAR
https://github.com/subquery/near-subql-starter,true,2023-09-01 02:00:08.055 +0200,Aurora
https://github.com/subquery/subql-near,true,2023-08-08 18:53:35.411 +0200,NEAR
https://github.com/switchboard-xyz/aptos-sdk,true,2023-08-02 00:13:41.028 +0200,Switchboard
https://github.com/switchboard-xyz/bsx-example,true,2023-09-02 02:17:44.635 +0200,Switchboard
https://github.com/switchboard-xyz/core-sdk,true,2023-08-02 00:13:41.037 +0200,Switchboard
https://github.com/switchboard-xyz/core-sdk,true,2023-08-08 18:56:55.880 +0200,NEAR
https://github.com/switchboard-xyz/d2y-example,true,2023-08-31 02:14:24.939 +0200,Switchboard
https://github.com/switchboard-xyz/-deprecated-governance-ui,true,2023-09-13 03:00:53.482 +0200,Switchboard
https://github.com/switchboard-xyz/-deprecated-helm-manifests,true,2023-09-13 03:00:53.495 +0200,Switchboard
https://github.com/switchboard-xyz/ethers-rs,true,2023-07-22 00:06:06.735 +0200,Switchboard
https://github.com/switchboard-xyz/evm-coin-flip,true,2023-09-13 03:00:53.550 +0200,Switchboard
https://github.com/switchboard-xyz/evm-functions-template,true,2023-07-11 21:51:55.689 +0200,Switchboard
https://github.com/switchboard-xyz/evm-sdk,true,2023-08-02 00:13:41.043 +0200,Switchboard
https://github.com/switchboard-xyz/exchange-aggregator-function-example,true,2023-09-19 03:03:14.115 +0200,Switchboard
https://github.com/switchboard-xyz/function-templates,true,2023-08-15 01:12:20.424 +0200,Switchboard
https://github.com/switchboard-xyz/.github,true,2023-06-19 19:06:21.314 +0200,Switchboard
https://github.com/switchboard-xyz/liquity-example,true,2023-09-01 02:16:30.685 +0200,Switchboard
https://github.com/switchboard-xyz/near-sdk,true,2023-06-19 19:06:21.392 +0200,Switchboard
https://github.com/switchboard-xyz/options-platform-function-example,true,2023-09-19 03:03:14.111 +0200,Switchboard
https://github.com/switchboard-xyz/oracle-aggregator-function-example,true,2023-09-19 03:03:14.113 +0200,Switchboard
https://github.com/switchboard-xyz/sb_functions_sdk,true,2023-06-09 18:49:35.368 +0200,Switchboard
https://github.com/switchboard-xyz/sbv3-function-example,true,2023-06-18 19:02:06.395 +0200,Switchboard
https://github.com/switchboard-xyz/secrets-server,true,2023-06-14 18:53:24.675 +0200,Switchboard
https://github.com/switchboard-xyz/solana-functions-template,true,2023-06-17 19:01:13.396 +0200,Switchboard
https://github.com/switchboard-xyz/solana-oracle-function-example,true,2023-09-27 03:43:54.516 +0200,Switchboard
https://github.com/switchboard-xyz/solana-sdk,true,2023-08-02 00:13:41.023 +0200,Switchboard
https://github.com/switchboard-xyz/solana-simple-randomness-example,true,2023-09-13 03:00:53.516 +0200,Switchboard
https://github.com/switchboard-xyz/starknet-sdk,true,2023-08-02 00:13:41.032 +0200,Switchboard
https://github.com/switchboard-xyz/subscription-function,true,2023-06-01 18:46:18.682 +0200,Switchboard
https://github.com/switchboard-xyz/sui-sdk,true,2023-08-02 00:13:41.040 +0200,Switchboard
https://github.com/switchboard-xyz/switchboard,true,2023-09-07 02:56:45.451 +0200,Switchboard
https://github.com/switchboard-xyz/switchboard-contracts,true,2023-09-07 02:56:45.479 +0200,Switchboard
https://github.com/switchboard-xyz/synthetix-v3,true,2023-09-02 02:17:44.631 +0200,Switchboard
https://github.com/tangem/wallet-core,true,2023-09-01 02:02:44.791 +0200,Aurora
https://github.com/TENK-DAO/smartdeploy,true,2023-08-26 01:27:59.059 +0200,NEAR
https://github.com/TENK-DAO/smartdeploy-frontend,true,2023-06-06 16:50:58.824 +0200,NEAR
https://github.com/textileio/discussions,false,2023-09-20 02:54:22.717 +0200,Textile.io
https://github.com/think-in-universe/guest-book,true,2023-08-03 14:43:57.604 +0200,NEAR
https://github.com/Tired-but-Happy/NICO-Front-end,true,2023-06-08 17:41:32.371 +0200,NEAR
https://github.com/Transpact/transpact,true,2023-08-08 18:54:52.779 +0200,NEAR
https://github.com/trustrecruit/aurora,true,2023-06-12 19:36:13.465 +0200,Aurora
https://github.com/twinstake/permissioned-delegation-near,true,2023-08-08 18:58:38.337 +0200,NEAR
https://github.com/Veridise/.github,false,2023-07-18 08:54:07.398 +0200,Veridise
https://github.com/Veridise/rust,false,2023-06-07 18:50:20.545 +0200,Veridise
https://github.com/verisoul/FlowiseAI-Railway,true,2023-08-15 01:34:33.394 +0200,Verisoul
https://github.com/verisoul/react-native-sample-app,true,2023-06-13 20:14:39.531 +0200,Verisoul
https://github.com/verisoul/zerofake-sample,true,2023-06-08 20:13:23.350 +0200,Verisoul
https://github.com/vself-project/vself-brands,true,2023-08-29 01:32:46.044 +0200,NEAR
https://github.com/walt-id/waltid-iota-identity-wrapper,true,2023-08-30 03:09:03.640 +0200,Walt.ID
https://github.com/walt-id/waltid-mdoc,true,2023-08-04 01:12:55.452 +0200,Walt.ID
https://github.com/walt-id/waltid-openid4vc,true,2023-10-05 20:08:11.606 +0200,Walt.ID
https://github.com/walt-id/waltid-sd-jwt,true,2023-06-07 22:27:49.150 +0200,Walt.ID
https://github.com/walt-id/waltid-web-wallet-deprecated,true,2023-07-28 01:07:25.964 +0200,Walt.ID
https://github.com/web3gamesofficial/icons,true,2023-07-13 21:13:43.739 +0200,Web3Games
https://github.com/welldonestudio/near-api-js,true,2023-09-27 03:05:52.283 +0200,NEAR
https://github.com/widolabs/wido-contracts,true,2023-09-05 05:26:05.204 +0200,NEAR
https://github.com/wondrous-dev/wondrous-frontend,true,2023-06-12 19:36:13.499 +0200,Aurora
https://github.com/wormhole-foundation/connect-sdk,false,2023-07-28 00:16:56.951 +0200,Wormhole
https://github.com/wormhole-foundation/cross-chain-borrow-lend,false,2023-06-30 20:53:52.160 +0200,Wormhole
https://github.com/wormhole-foundation/docs.wormhole.com,false,2023-06-12 19:00:49.291 +0200,Wormhole
https://github.com/wormhole-foundation/example-cross-chain-borrow-lend,false,2023-07-03 21:14:59.853 +0200,Wormhole
https://github.com/wormhole-foundation/example-liquidity-layer,false,2023-09-27 03:49:58.219 +0200,Wormhole
https://github.com/wormhole-foundation/hello-token,false,2023-06-28 20:42:32.808 +0200,Wormhole
https://github.com/wormhole-foundation/hello-usdc,false,2023-09-19 03:09:46.448 +0200,Wormhole
https://github.com/wormhole-foundation/hello-wormhole,false,2023-06-28 20:42:32.811 +0200,Wormhole
https://github.com/wormhole-foundation/helper-contracts,false,2023-07-25 00:15:23.309 +0200,Wormhole
https://github.com/wormhole-foundation/relayer-network-dashboard,false,2023-06-22 19:45:08.101 +0200,Wormhole
https://github.com/wormhole-foundation/univ3-wh,false,2023-06-14 19:03:16.072 +0200,Wormhole
https://github.com/wormhole-foundation/wormhole-audits,false,2023-07-20 00:01:49.145 +0200,Wormhole
https://github.com/wormhole-foundation/wormhole-relayer-solidity-sdk,false,2023-06-21 19:28:46.228 +0200,Wormhole
https://github.com/wormhole-foundation/wormhole-sdk-rs,false,2023-08-19 01:47:01.758 +0200,Wormhole
https://github.com/wormhole-foundation/wormhole-solidity-sdk,false,2023-06-23 20:12:41.652 +0200,Wormhole
https://github.com/XP-NETWORK/agent-js,false,2023-07-18 22:11:38.313 +0200,XP Network
https://github.com/XP-NETWORK/casper-grant-delivery,false,2023-06-28 11:32:55.525 +0200,XP Network
https://github.com/XP-NETWORK/casper-nft,false,2023-07-08 11:39:11.150 +0200,XP Network
https://github.com/XP-NETWORK/cross-chain-nft,false,2023-08-07 22:53:39.060 +0200,XP Network
https://github.com/XP-NETWORK/deploy-customHTS-hedera,false,2023-07-10 11:40:13.249 +0200,XP Network
https://github.com/XP-NETWORK/dfinity-serializer,false,2023-06-29 11:33:16.794 +0200,XP Network
https://github.com/XP-NETWORK/dfinity-xpnft,false,2023-09-21 00:59:14.968 +0200,XP Network
https://github.com/XP-NETWORK/distributed-frost,false,2023-10-11 01:22:00.963 +0200,XP Network
https://github.com/XP-NETWORK/hedera-collection-creator-client,false,2023-07-11 11:41:32.080 +0200,XP Network
https://github.com/XP-NETWORK/mx-collection-creator,false,2023-07-13 11:43:23.279 +0200,XP Network
https://github.com/XP-NETWORK/mx-collection-creator-client,false,2023-07-14 11:44:53.099 +0200,XP Network
https://github.com/XP-NETWORK/nft-parser,true,2023-09-01 02:06:05.209 +0200,Aurora
https://github.com/XP-NETWORK/substrate-based-node,false,2023-10-05 01:20:06.958 +0200,XP Network
https://github.com/XP-NETWORK/testing-casper,false,2023-07-13 11:43:23.274 +0200,XP Network
https://github.com/XP-NETWORK/testing-multiversx,false,2023-08-10 23:14:47.425 +0200,XP Network
https://github.com/XP-NETWORK/xp-casper-bridge-client,false,2023-06-16 11:18:19.560 +0200,XP Network
https://github.com/XP-NETWORK/xp.site,false,2023-07-11 11:41:32.086 +0200,XP Network
https://github.com/zigbee-s/edu.near-hackathon,true,2023-08-08 18:55:37.928 +0200,NEAR
https://gitlab.com/ivankuzovkin/auroraplay,true,2023-06-21 18:03:41.270 +0200,Aurora
